{
  "serverpack.qingren": {
	  "sounds": [
	  {
		  "name": "qingren",
		  "stream":true
	  }
	 ]
  },
  "serverpack.mean_to_be": {
	  "sounds": [
	  {
		  "name": "mean_to_be",
		  "stream":true
	  }
	 ]
  },
  "serverpack.stay": {
	  "sounds": [
	  {
		  "name": "stay",
		  "stream":true
	  }
	 ]
	},
	"serverpack.deadman": {
		"sounds": [
		{
			"name": "deadman",
			"stream":true
		}
	   ]
	},
	"serverpack.all_for_love": {
		"sounds": [
		{
			"name": "all_for_love",
			"stream":true
		}
	   ]
	},
	"serverpack.tian_wai_lai_wu": {
		"sounds": [
		{
			"name": "tian_wai_lai_wu",
			"stream":true
		}
	   ]
	},
	"serverpack.hug_me": {
		"sounds": [
		{
			"name": "hug_me",
			"stream":true
		}
	   ]
	},
	"serverpack.whxznljgn": {
		"sounds": [
		{
			"name": "whxznljgn",
			"stream":true
		}
	   ]
  }
  
}